secondBranch<->copyBranch<->master<->,2018/02/25-06:39:18
secondBranch<->copyBranch<->master<->,2018/02/25-06:46:06
secondBranch<->copyBranch<->master<->,2018/02/25-06:46:44
secondBranch<->copyBranch<->master<->,2018/02/25-06:47:23
secondBranch<->copyBranch<->master<->,2018/02/25-06:48:29
secondBranch<->copyBranch<->master<->,2018/02/25-06:49:18
secondBranch<->copyBranch<->master<->,2018/02/25-06:50:05
secondBranch<->copyBranch<->master<->,2018/03/02-05:35:43
secondBranch<->copyBranch<->master<->,2018/03/02-05:52:05
secondBranch<->copyBranch<->master<->,2018/03/02-07:11:04
secondBranch<->copyBranch<->master<->,2018/03/02-07:11:59
secondBranch<->copyBranch<->master<->,2018/03/02-07:12:58
secondBranch<->copyBranch<->master<->,2018/03/02-07:14:16
secondBranch<->copyBranch<->master<->,2018/03/24-12:27:42
secondBranch<->copyBranch<->master<->,2018/03/24-02:56:11
secondBranch<->copyBranch<->master<->,2018/03/24-03:02:33
secondBranch<->copyBranch<->master<->,2018/03/29-02:43:25
secondBranch<->copyBranch<->master<->,2018/03/29-02:48:38
secondBranch<->copyBranch<->master<->,2018/05/18-11:13:22
copyBranch<->master<->,2018/05/18-11:23:22
copyBranch<->master<->,2018/05/18-11:27:23
copyBranch<->master<->,2018/05/18-11:32:41
copyBranch<->master<->,2018/05/18-11:36:16
copyBranch<->master<->,2018/05/18-11:38:04
copyBranch<->master<->,2018/05/18-11:39:09
master<->,2018/05/18-11:41:15
copyBranch<->master<->,2018/05/18-11:44:48
master<->,2018/05/18-11:45:32
master<->,2018/05/18-11:46:51
